{
  "average": {
    "accuracy": 0.33715925394548063,
    "correct": 940,
    "total": 2788
  },
  "subject": {
    "Math": {
      "accuracy": 0.3273542600896861,
      "correct": 292,
      "total": 892
    },
    "Coding": {
      "accuracy": 0.3351063829787234,
      "correct": 189,
      "total": 564
    },
    "Physics": {
      "accuracy": 0.4935897435897436,
      "correct": 77,
      "total": 156
    },
    "Chemistry": {
      "accuracy": 0.32482993197278914,
      "correct": 382,
      "total": 1176
    }
  },
  "question_type": {
    "multiple choice": {
      "accuracy": 0.3916083916083916,
      "correct": 784,
      "total": 2002
    },
    "open-ended": {
      "accuracy": 0.1984732824427481,
      "correct": 156,
      "total": 786
    }
  },
  "category": {
    "Math": {
      "2D Transformation": {
        "accuracy": 0.24812030075187969,
        "correct": 66,
        "total": 266
      },
      "3D Spatial Simulation": {
        "accuracy": 0.22545454545454546,
        "correct": 62,
        "total": 275
      },
      "Path Tracing": {
        "accuracy": 0.2047244094488189,
        "correct": 26,
        "total": 127
      },
      "Multi-hop Visual Object Counting": {
        "accuracy": 0.8951612903225806,
        "correct": 111,
        "total": 124
      },
      "Pattern Inference": {
        "accuracy": 0.27,
        "correct": 27,
        "total": 100
      }
    },
    "Coding": {
      "Advanced Chart Type": {
        "accuracy": 0.37318840579710144,
        "correct": 103,
        "total": 276
      },
      "Axis & Scale": {
        "accuracy": 0.2962962962962963,
        "correct": 32,
        "total": 108
      },
      "Legend": {
        "accuracy": 0.28125,
        "correct": 27,
        "total": 96
      },
      "Alignment, Orientation, & Position": {
        "accuracy": 0.29444444444444445,
        "correct": 53,
        "total": 180
      },
      "Gridline": {
        "accuracy": 0.26666666666666666,
        "correct": 16,
        "total": 60
      },
      "3D": {
        "accuracy": 0.46296296296296297,
        "correct": 50,
        "total": 108
      },
      "Color & Texture": {
        "accuracy": 0.358974358974359,
        "correct": 56,
        "total": 156
      },
      "Marker, Line, & Cap": {
        "accuracy": 0.25,
        "correct": 12,
        "total": 48
      },
      "Polar": {
        "accuracy": 0.375,
        "correct": 18,
        "total": 48
      },
      "Data Reasoning": {
        "accuracy": 0.4537037037037037,
        "correct": 49,
        "total": 108
      }
    },
    "Physics": {
      "Path Tracing": {
        "accuracy": 0.5384615384615384,
        "correct": 7,
        "total": 13
      },
      "3d Field Simulation": {
        "accuracy": 0.5405405405405406,
        "correct": 20,
        "total": 37
      },
      "Multi-hop Visual Reasoning": {
        "accuracy": 0.45454545454545453,
        "correct": 15,
        "total": 33
      },
      "Visual Decomposition Simulation": {
        "accuracy": 0.5319148936170213,
        "correct": 25,
        "total": 47
      },
      "Graph Reasoning": {
        "accuracy": 0.38461538461538464,
        "correct": 10,
        "total": 26
      }
    },
    "Chemistry": {
      "Reaction Simulation Pro": {
        "accuracy": 0.44761904761904764,
        "correct": 47,
        "total": 105
      },
      "Structure Recognition": {
        "accuracy": 0.44936708860759494,
        "correct": 213,
        "total": 474
      },
      "Graph Reasoning": {
        "accuracy": 0.3333333333333333,
        "correct": 3,
        "total": 9
      },
      "Reaction Simulation": {
        "accuracy": 0.4621212121212121,
        "correct": 61,
        "total": 132
      },
      "Knowledge-based counting": {
        "accuracy": 0.12719298245614036,
        "correct": 58,
        "total": 456
      }
    }
  },
  "task": {
    "Coding_Code Choose Vis": {
      "accuracy": 0.26595744680851063,
      "correct": 50,
      "total": 188
    },
    "Coding_Vis Choose Code": {
      "accuracy": 0.3670212765957447,
      "correct": 69,
      "total": 188
    },
    "Coding_Modify Without Image": {
      "accuracy": 0.3829787234042553,
      "correct": 36,
      "total": 94
    },
    "Coding_Modify With Image": {
      "accuracy": 0.3617021276595745,
      "correct": 34,
      "total": 94
    }
  }
}