{
  "average": {
    "accuracy": 0.5169172932330827,
    "correct": 275,
    "total": 532
  },
  "category": {
    "tangram_puzzle": {
      "accuracy": 0.5169172932330827,
      "correct": 275,
      "total": 532
    }
  }
}