{
  "average": {
    "accuracy": 0.2042042042042042,
    "correct": 68,
    "total": 333
  },
  "category": {
    "2D_text_instruct": {
      "accuracy": 0.2042042042042042,
      "correct": 68,
      "total": 333
    }
  }
}