{
  "average": {
    "accuracy": 0.6833333333333333,
    "correct": 82,
    "total": 120
  },
  "category": {
    "folding_nets_VSim": {
      "accuracy": 0.6833333333333333,
      "correct": 82,
      "total": 120
    }
  }
}