{
  "average": {
    "accuracy": 0.1830065359477124,
    "correct": 56,
    "total": 306
  },
  "category": {
    "2D_va": {
      "accuracy": 0.1830065359477124,
      "correct": 56,
      "total": 306
    }
  }
}