{
  "average": {
    "accuracy": 0.3184713375796178,
    "correct": 150,
    "total": 471
  },
  "category": {
    "temporal": {
      "accuracy": 0.3184713375796178,
      "correct": 150,
      "total": 471
    }
  }
}