{
  "average": {
    "accuracy": 0.2560553633217993,
    "correct": 74,
    "total": 289
  },
  "category": {
    "tangram_puzzle_VSim": {
      "accuracy": 0.2560553633217993,
      "correct": 74,
      "total": 289
    }
  }
}