{
  "average": {
    "accuracy": 0.1715686274509804,
    "correct": 35,
    "total": 204
  },
  "category": {
    "2D_va_VSim": {
      "accuracy": 0.1715686274509804,
      "correct": 35,
      "total": 204
    }
  }
}